Model Name,Batch Size,N_Epochs,lr,fr,eps,wu,wd,Training Loss,Valid. Loss
albert-base-v2,16,3,5e-03,2e-05,1e-08,0.1,0.01,0.5758530823013667,0.5704045271469375
albert-base-v2,16,3,5e-03,2e-05,1e-08,0.1,0.01,0.5758985989081585,0.5704450274928141
albert-base-v2,16,3,5e-03,2e-05,1e-08,0.1,0.01,0.517332245220207,0.5331617039138988
